[ 
    {
        "id" : "2g1EakEaW7fPTZC6vBmBCn",
        "image_url" : "https://i.scdn.co/image/0988706eac690e65f0b685ee3f52b11496d5c984",
        "label" : "Def Jam Recordings",
        "name" : "Talk That Talk"
    }, 
    {
        "id" : "43OpbkiiIxJO8ktIB777Nn",
        "image_url" : "https://i.scdn.co/image/01d0e19a0423ce9e45ccb8727c1b0c9e4cff515c", 
        "label" : "Big Machine Records, LLC",
        "name" : "Fearless Platinum Edition"
    }, 
    {
        "id" : "6DEjYFkNZh67HP7R9PSZvv",
        "image_url" : "https://i.scdn.co/image/c1d13ca191838eb78d0f609d4805a400650cc4f8",
        "label" : "Big Machine Records, LLC",
        "name" : "reputation"
    }, 
    {
        "id" : "71BrrQxz8mZAneNSDE9Lov",
        "image_url" : "https://i.scdn.co/image/625f4a497d1e0a6ed0d091fef3a06f4f3ba51de3",
        "label" : "Columbia",
        "name" : "Panini"
    }, 
    {
        "id" : "6xvpfMjWTougrRRtK7iikz",
        "image_url" : "https://i.scdn.co/image/ab67616d0000b27379216e7558b3ec2b12273d79",
        "label" : "Columbia",
        "name" : "Old Town Road (Remix)"
    }, 
    {
        "id" : "3OZgEywV4krCZ814pTJWr7",
        "image_url" : "https://i.scdn.co/image/2fd1b3eed010b657939c7d5e8e9cd79141346cbc",
        "label" : "Universal Records",
        "name" : "Dangerous Woman"
    }, 
    {
        "id" : "2fYhqwDWXjbpjaIJPEfKFw",
        "image_url" : "https://i.scdn.co/image/38205ab1bdc4b37b68b3ace40989afb6c2c1faa9",
        "label" : "Republic Records",
        "name" : "thank u, next"
    }, 
    {
        "id" : "6dFFcYQ8VhifgdKgYY5LYL",
        "image_url" : "https://i.scdn.co/image/ab67616d0000b27306af802e2ea241b6ba1ce0f2",
        "label" : "Nice Life/Atlantic",
        "name" : "Cuz I Love You"
    }   
]