[
    {
        "id": "06HL4z0CvFAxyc27GXpf02",
        "href": "https://api.spotify.com/v1/artists/06HL4z0CvFAxyc27GXpf02",
        "image_url": "https://i.scdn.co/image/62b33d12e2b9a033cf77585f6e3d4b2c6b3a63a1",
        "name": "Taylor Swift"
    },
    {
        "id": "0Y5tJX1MQlPlqiwlOH1tJY",
        "href": "https://api.spotify.com/v1/artists/0Y5tJX1MQlPlqiwlOH1tJY",
        "image_url": "https://i.scdn.co/image/fec51156ed94b7ee30fbd4c7fd29b4a840e7daec",
        "name": "Travis Scott"
    },
    {
        "id": "1anyVhU62p31KFi8MEzkbf",
        "href": "https://api.spotify.com/v1/artists/1anyVhU62p31KFi8MEzkbf",
        "image_url": "https://i.scdn.co/image/0433f521b1fadf1d839b6e70c3914021f122901f",
        "name": "Chance the Rapper"
    },
    {
        "id": "3Nrfpe0tUJi4K4DXYWgMUX",
        "href": "https://api.spotify.com/v1/artists/3Nrfpe0tUJi4K4DXYWgMUX",
        "image_url": "https://i.scdn.co/image/0c9057cb30520f9f883a220051260fc66a2f3ffa",
        "name": "BTS"
    },
    {
        "href": "https://api.spotify.com/v1/artists/56oDRnqbIiwx4mymNEv7dS",
        "id": "56oDRnqbIiwx4mymNEv7dS",
        "image_url": "https://i.scdn.co/image/e33e4245fe5901ed940ba95070bb8d56679b6fe0",
        "name": "Lizzo"
    },
    {
        "id": "5pKCCKE2ajJHZ9KAiaK11H",
        "href": "https://api.spotify.com/v1/artists/5pKCCKE2ajJHZ9KAiaK11H",
        "image_url": "https://i.scdn.co/image/1fc2f537d678d701d7d143a8fd4f0c2f29fbde22",
        "name": "Rihanna"
    },
    {
        "id": "66CXWjxzNUsdJxJ2JdwvnR",
        "href": "https://api.spotify.com/v1/artists/66CXWjxzNUsdJxJ2JdwvnR",
        "image_url": "https://i.scdn.co/image/b1dfbe843b0b9f54ab2e588f33e7637d2dab065a",
        "name": "Ariana Grande"
    },
    {
        "id": "6qqNVTkY8uBg9cP3Jd7DAH",
        "href": "https://api.spotify.com/v1/artists/6qqNVTkY8uBg9cP3Jd7DAH",
        "image_url": "https://i.scdn.co/image/2622edec99d68d1d141886be593c88cbe509f6d8",
        "name": "Billie Eilish"
    },
    {
        "id": "6vWDO969PvNqNYHIOW5v0m",
        "href": "https://api.spotify.com/v1/artists/6vWDO969PvNqNYHIOW5v0m",
        "image_url": "https://i.scdn.co/image/9fef2047e4e3f05031807d5fa9e121b7862ba259",
        "name": "Beyoncé"
    },
    {
        "id": "7jVv8c5Fj3E9VhNjxT4snq",
        "href": "https://api.spotify.com/v1/artists/7jVv8c5Fj3E9VhNjxT4snq",
        "image_url": "https://i.scdn.co/image/12d5ab979779aa41e697ce823328d527e643e4cf",
        "name": "Lil Nas X"
    }
]