[
    {
       "id":"4JehYebiI9JE8sR8MisGVb",
       "name":"Halo",
       "preview_url":"https://p.scdn.co/mp3-preview/3c97985f3736fab6d4abcd2067f346a9b30955fa?cid=9697a3a271d24deea38f8b7fbfa0e13c",
       "album":{
          "id":"39P7VD7qlg3Z0ltq60eHp7",
          "name":"I AM...SASHA FIERCE",
          "image_url":"https://i.scdn.co/image/ab67616d0000b273801c4d205accdba0a468a10b"
       },
       "artist":{
          "id":"6vWDO969PvNqNYHIOW5v0m",
          "name":"Beyoncé"
       }
    },
    {
       "id":"6g0Orsxv6glTJCt4cHsRsQ",
       "name":"Formation",
       "preview_url":"https://p.scdn.co/mp3-preview/470cfb59470d8313dc99634c2845170b56a8762e?cid=9697a3a271d24deea38f8b7fbfa0e13c",
       "album":{
          "id":"7dK54iZuOxXFarGhXwEXfF",
          "name":"Lemonade",
          "image_url":"https://i.scdn.co/image/ab67616d0000b27389992f4d7d4ab94937bf9e23"
       },
       "artist":{
          "id":"6vWDO969PvNqNYHIOW5v0m",
          "name":"Beyoncé"
       }
    },
    {
       "id":"0rzNMzZsubFcXSEh7dnem7",
       "name":"Hold Up",
       "preview_url":"https://p.scdn.co/mp3-preview/45ca175a1ceffc733b2d62dfc49e6ede386415c1?cid=9697a3a271d24deea38f8b7fbfa0e13c",
       "album":{
          "id":"7dK54iZuOxXFarGhXwEXfF",
          "name":"Lemonade",
          "image_url":"https://i.scdn.co/image/ab67616d0000b27389992f4d7d4ab94937bf9e23"
       },
       "artist":{
          "id":"6vWDO969PvNqNYHIOW5v0m",
          "name":"Beyoncé"
       }
    },
    {
       "id":"1z6WtY7X4HQJvzxC4UgkSf",
       "name":"Love On Top",
       "preview_url":"https://p.scdn.co/mp3-preview/9a7675cc7f71c524af1397cf1675b61a8fbc74ed?cid=9697a3a271d24deea38f8b7fbfa0e13c",
       "album":{
          "id":"1gIC63gC3B7o7FfpPACZQJ",
          "name":"4",
          "image_url":"https://i.scdn.co/image/ab67616d0000b273ff5429125128b43572dbdccd"
       },
       "artist":{
          "id":"6vWDO969PvNqNYHIOW5v0m",
          "name":"Beyoncé"
       }
    },
    {
       "id":"5IVuqXILoxVWvWEPm82Jxr",
       "name":"Crazy In Love (feat. Jay-Z)",
       "preview_url":"https://p.scdn.co/mp3-preview/ce8ace0ec425840416be78db07cf50dd331eed4f?cid=9697a3a271d24deea38f8b7fbfa0e13c",
       "album":{
          "id":"6oxVabMIqCMJRYN1GqR3Vf",
          "name":"Dangerously In Love",
          "image_url":"https://i.scdn.co/image/ab67616d0000b27345680a4a57c97894490a01c1"
       },
       "artist":{
          "id":"6vWDO969PvNqNYHIOW5v0m",
          "name":"Beyoncé"
       }
    },
    {
       "id":"0lnIJmgcUpEpe4AZACjayW",
       "name":"Sorry",
       "preview_url":"https://p.scdn.co/mp3-preview/5f4f6414a73c124d629ffe0b0bc8aa679ef10a7c?cid=9697a3a271d24deea38f8b7fbfa0e13c",
       "album":{
          "id":"7dK54iZuOxXFarGhXwEXfF",
          "name":"Lemonade",
          "image_url":"https://i.scdn.co/image/ab67616d0000b27389992f4d7d4ab94937bf9e23"
       },
       "artist":{
          "id":"6vWDO969PvNqNYHIOW5v0m",
          "name":"Beyoncé"
       }
    },
    {
       "id":"1uXbwHHfgsXcUKfSZw5ZJ0",
       "name":"Run the World (Girls)",
       "preview_url":"https://p.scdn.co/mp3-preview/c5e90d8d93467fc4aeda29c2cbefaa494081232a?cid=9697a3a271d24deea38f8b7fbfa0e13c",
       "album":{
          "id":"1gIC63gC3B7o7FfpPACZQJ",
          "name":"4",
          "image_url":"https://i.scdn.co/image/ab67616d0000b273ff5429125128b43572dbdccd"
       },
       "artist":{
          "id":"6vWDO969PvNqNYHIOW5v0m",
          "name":"Beyoncé"
       }
    },
    {
       "id":"6jG2YzhxptolDzLHTGLt7S",
       "name":"Drunk in Love (feat. Jay-Z)",
       "preview_url":"https://p.scdn.co/mp3-preview/7052c45ae9298c38fdbd1b45bec7fc5f554fafa0?cid=9697a3a271d24deea38f8b7fbfa0e13c",
       "album":{
          "id":"2UJwKSBUz6rtW4QLK74kQu",
          "name":"BEYONCÉ [Platinum Edition]",
          "image_url":"https://i.scdn.co/image/ab67616d0000b2730d1d6e9325275f104f8e33f3"
       },
       "artist":{
          "id":"6vWDO969PvNqNYHIOW5v0m",
          "name":"Beyoncé"
       }
    },
    {
       "id":"5hgnY0mVcVetszbb85qeDg",
       "name":"Partition",
       "preview_url":"https://p.scdn.co/mp3-preview/8ecd5010e5a46f1c84f42bcfed50505395825d7a?cid=9697a3a271d24deea38f8b7fbfa0e13c",
       "album":{
          "id":"2UJwKSBUz6rtW4QLK74kQu",
          "name":"BEYONCÉ [Platinum Edition]",
          "image_url":"https://i.scdn.co/image/ab67616d0000b2730d1d6e9325275f104f8e33f3"
       },
       "artist":{
          "id":"6vWDO969PvNqNYHIOW5v0m",
          "name":"Beyoncé"
       }
    },
    {
       "id":"6RX5iL93VZ5fKmyvNXvF1r",
       "name":"Irreplaceable",
       "preview_url":"https://p.scdn.co/mp3-preview/b1cd9ecf3b5108363846f497897b5bcbec44343a?cid=9697a3a271d24deea38f8b7fbfa0e13c",
       "album":{
          "id":"0Zd10MKN5j9KwUST0TdBBB",
          "name":"B'Day Deluxe Edition",
          "image_url":"https://i.scdn.co/image/ab67616d0000b273026e88f624dfb96f2e1ef10b"
       },
       "artist":{
          "id":"6vWDO969PvNqNYHIOW5v0m",
          "name":"Beyoncé"
       }
    },
    {
       "id":"1bhUWB0zJMIKr9yVPrkEuI",
       "name":"Perfect Duet (Ed Sheeran & Beyoncé)",
       "preview_url":"https://p.scdn.co/mp3-preview/65ee4bf5cfdc8f2cd9cc1742f9d4b2ba10c83b2f?cid=9697a3a271d24deea38f8b7fbfa0e13c",
       "album":{
          "id":"52kvZcbEDm0v2kWZQXjuuA",
          "name":"Perfect Duet (Ed Sheeran & Beyoncé)",
          "image_url":"https://i.scdn.co/image/ab67616d0000b273af6b2fca3b6e24612a5fe5d8"
       },
       "artist":{
          "id":"6eUKZXaKkcviH0Ku9w2n3V",
          "name":"Ed Sheeran"
       }
    },
    {
       "id":"02M6vucOvmRfMxTXDUwRXu",
       "name":"7/11",
       "preview_url":"https://p.scdn.co/mp3-preview/c17eaf47f9624029dadcd7672b7896c84923e28c?cid=9697a3a271d24deea38f8b7fbfa0e13c",
       "album":{
          "id":"2UJwKSBUz6rtW4QLK74kQu",
          "name":"BEYONCÉ [Platinum Edition]",
          "image_url":"https://i.scdn.co/image/ab67616d0000b2730d1d6e9325275f104f8e33f3"
       },
       "artist":{
          "id":"6vWDO969PvNqNYHIOW5v0m",
          "name":"Beyoncé"
       }
    },
    {
       "id":"26NX1wPt1TRCH536yocd6i",
       "name":"If I Were a Boy",
       "preview_url":"https://p.scdn.co/mp3-preview/f12c28a584052bea2731e3589644a77165b02f7c?cid=9697a3a271d24deea38f8b7fbfa0e13c",
       "album":{
          "id":"23Y5wdyP5byMFktZf8AcWU",
          "name":"I AM...SASHA FIERCE",
          "image_url":"https://i.scdn.co/image/ab67616d0000b273e13de7b8662b085b0885ffef"
       },
       "artist":{
          "id":"6vWDO969PvNqNYHIOW5v0m",
          "name":"Beyoncé"
       }
    },
    {
       "id":"3lBRNqXjPp2j3JMTCXDTNO",
       "name":"Best Thing I Never Had",
       "preview_url":"https://p.scdn.co/mp3-preview/86466c6e8a9c56977255b4ed91f22a335ed5467e?cid=9697a3a271d24deea38f8b7fbfa0e13c",
       "album":{
          "id":"1gIC63gC3B7o7FfpPACZQJ",
          "name":"4",
          "image_url":"https://i.scdn.co/image/ab67616d0000b273ff5429125128b43572dbdccd"
       },
       "artist":{
          "id":"6vWDO969PvNqNYHIOW5v0m",
          "name":"Beyoncé"
       }
    },
    {
       "id":"5R9a4t5t5O0IsznsrKPVro",
       "name":"Single Ladies (Put a Ring on It)",
       "preview_url":"https://p.scdn.co/mp3-preview/69c8bae97df9121ee440b23053fe20f64c204408?cid=9697a3a271d24deea38f8b7fbfa0e13c",
       "album":{
          "id":"39P7VD7qlg3Z0ltq60eHp7",
          "name":"I AM...SASHA FIERCE",
          "image_url":"https://i.scdn.co/image/ab67616d0000b273801c4d205accdba0a468a10b"
       },
       "artist":{
          "id":"6vWDO969PvNqNYHIOW5v0m",
          "name":"Beyoncé"
       }
    },
    {
       "id":"6XsT5UGfpaFeHQf5LRIy4W",
       "name":"Me, Myself and I",
       "preview_url":"https://p.scdn.co/mp3-preview/c2fd6a04b5ef5e9ca5573c88679183aaaf9b356f?cid=9697a3a271d24deea38f8b7fbfa0e13c",
       "album":{
          "id":"6oxVabMIqCMJRYN1GqR3Vf",
          "name":"Dangerously In Love",
          "image_url":"https://i.scdn.co/image/ab67616d0000b27345680a4a57c97894490a01c1"
       },
       "artist":{
          "id":"6vWDO969PvNqNYHIOW5v0m",
          "name":"Beyoncé"
       }
    },
    {
       "id":"3axkNosdVQLZiq1HakuGhc",
       "name":"Countdown",
       "preview_url":"https://p.scdn.co/mp3-preview/ad046f8b135785f005bf84b63d657299cd6010ee?cid=9697a3a271d24deea38f8b7fbfa0e13c",
       "album":{
          "id":"1gIC63gC3B7o7FfpPACZQJ",
          "name":"4",
          "image_url":"https://i.scdn.co/image/ab67616d0000b273ff5429125128b43572dbdccd"
       },
       "artist":{
          "id":"6vWDO969PvNqNYHIOW5v0m",
          "name":"Beyoncé"
       }
    },
    {
       "id":"7LikBkHerFGZ58QHVOKp1t",
       "name":"Before I Let Go - Homecoming Live Bonus Track",
       "preview_url":"https://p.scdn.co/mp3-preview/4bb6a5c6fcf0d79f15229ae3c55776cce7a58d2e?cid=9697a3a271d24deea38f8b7fbfa0e13c",
       "album":{
          "id":"35S1JCj5paIfElT2GODl6x",
          "name":"HOMECOMING: THE LIVE ALBUM",
          "image_url":"https://i.scdn.co/image/ab67616d0000b2738e525253c87c568cd84e491b"
       },
       "artist":{
          "id":"6vWDO969PvNqNYHIOW5v0m",
          "name":"Beyoncé"
       }
    },
    {
       "id":"1zSKtBze2IReYU44W0lDzd",
       "name":"Can You Feel the Love Tonight",
       "preview_url":null,
       "album":{
          "id":"7e8y48Z2fkJNGBOKSECCeS",
          "name":"The Lion King (Original Motion Picture Soundtrack)",
          "image_url":"https://i.scdn.co/image/ab67616d0000b2736eb04fff9fd19fd8f65b86e1"
       },
       "artist":{
          "id":"6vWDO969PvNqNYHIOW5v0m",
          "name":"Beyoncé"
       }
    },
    {
       "id":"71OvX5NNLrmz7rpq1ANTQn",
       "name":"Daddy Lessons",
       "preview_url":"https://p.scdn.co/mp3-preview/aa63f0afae4514f698085d43fe30f3e237e9f8b7?cid=9697a3a271d24deea38f8b7fbfa0e13c",
       "album":{
          "id":"7dK54iZuOxXFarGhXwEXfF",
          "name":"Lemonade",
          "image_url":"https://i.scdn.co/image/ab67616d0000b27389992f4d7d4ab94937bf9e23"
       },
       "artist":{
          "id":"6vWDO969PvNqNYHIOW5v0m",
          "name":"Beyoncé"
       }
    }
 ]