[ 
    { 
       "id":"3ZCTVFBt2Brf31RLEnCkWJ",
       "name":"everything i wanted",
       "preview_url":null,
       "album":{ 
          "id":"4i3rAwPw7Ln2YrKDusaWyT",
          "name":"everything i wanted",
          "image_url":"https://i.scdn.co/image/18ad2ce4723468f55c2b9af9d5fe865d39890be3"
       },
       "artist":{ 
          "id":"6qqNVTkY8uBg9cP3Jd7DAH",
          "name":"Billie Eilish"
       }
    },
    { 
       "id":"2Fxmhks0bxGSBdJ92vM42m",
       "name":"bad guy",
       "preview_url":null,
       "album":{ 
          "id":"0S0KGZnfBGSIssfF54WSJh",
          "name":"WHEN WE ALL FALL ASLEEP, WHERE DO WE GO?",
          "image_url":"https://i.scdn.co/image/cd89c09ece48d687d4b6a894e28300064ade5512"
       },
       "artist":{ 
          "id":"6qqNVTkY8uBg9cP3Jd7DAH",
          "name":"Billie Eilish"
       }
    },
    { 
       "id":"43zdsphuZLzwA9k4DJhU0I",
       "name":"when the party's over",
       "preview_url":null,
       "album":{ 
          "id":"0S0KGZnfBGSIssfF54WSJh",
          "name":"WHEN WE ALL FALL ASLEEP, WHERE DO WE GO?",
          "image_url":"https://i.scdn.co/image/cd89c09ece48d687d4b6a894e28300064ade5512"
       },
       "artist":{ 
          "id":"6qqNVTkY8uBg9cP3Jd7DAH",
          "name":"Billie Eilish"
       }
    },
    { 
       "id":"0u2P5u6lvoDfwTYjAADbn4",
       "name":"lovely (with Khalid)",
       "preview_url":null,
       "album":{ 
          "id":"2sBB17RXTamvj7Ncps15AK",
          "name":"lovely (with Khalid)",
          "image_url":"https://i.scdn.co/image/de625b781c9b6b02c078d0d122257d26ea62f469"
       },
       "artist":{ 
          "id":"6qqNVTkY8uBg9cP3Jd7DAH",
          "name":"Billie Eilish"
       }
    },
    { 
       "id":"4SSnFejRGlZikf02HLewEF",
       "name":"bury a friend",
       "preview_url":null,
       "album":{ 
          "id":"0S0KGZnfBGSIssfF54WSJh",
          "name":"WHEN WE ALL FALL ASLEEP, WHERE DO WE GO?",
          "image_url":"https://i.scdn.co/image/cd89c09ece48d687d4b6a894e28300064ade5512"
       },
       "artist":{ 
          "id":"6qqNVTkY8uBg9cP3Jd7DAH",
          "name":"Billie Eilish"
       }
    },
    { 
       "id":"6CcJMwBtXByIz4zQLzFkKc",
       "name":"i love you",
       "preview_url":null,
       "album":{ 
          "id":"0S0KGZnfBGSIssfF54WSJh",
          "name":"WHEN WE ALL FALL ASLEEP, WHERE DO WE GO?",
          "image_url":"https://i.scdn.co/image/cd89c09ece48d687d4b6a894e28300064ade5512"
       },
       "artist":{ 
          "id":"6qqNVTkY8uBg9cP3Jd7DAH",
          "name":"Billie Eilish"
       }
    },
    { 
       "id":"3Fj47GNK2kUF0uaEDgXLaD",
       "name":"wish you were gay",
       "preview_url":null,
       "album":{ 
          "id":"0S0KGZnfBGSIssfF54WSJh",
          "name":"WHEN WE ALL FALL ASLEEP, WHERE DO WE GO?",
          "image_url":"https://i.scdn.co/image/cd89c09ece48d687d4b6a894e28300064ade5512"
       },
       "artist":{ 
          "id":"6qqNVTkY8uBg9cP3Jd7DAH",
          "name":"Billie Eilish"
       }
    },
    { 
       "id":"6IRdLKIyS4p7XNiP8r6rsx",
       "name":"all the good girls go to hell",
       "preview_url":null,
       "album":{ 
          "id":"0S0KGZnfBGSIssfF54WSJh",
          "name":"WHEN WE ALL FALL ASLEEP, WHERE DO WE GO?",
          "image_url":"https://i.scdn.co/image/cd89c09ece48d687d4b6a894e28300064ade5512"
       },
       "artist":{ 
          "id":"6qqNVTkY8uBg9cP3Jd7DAH",
          "name":"Billie Eilish"
       }
    },
    { 
       "id":"41zXlQxzTi6cGAjpOXyLYH",
       "name":"idontwannabeyouanymore",
       "preview_url":null,
       "album":{ 
          "id":"7fRrTyKvE4Skh93v97gtcU",
          "name":"dont smile at me",
          "image_url":"https://i.scdn.co/image/86432b4f858d4b61415da90cb955e5b703b1d6a7"
       },
       "artist":{ 
          "id":"6qqNVTkY8uBg9cP3Jd7DAH",
          "name":"Billie Eilish"
       }
    },
    { 
       "id":"3XF5xLJHOQQRbWya6hBp7d",
       "name":"you should see me in a crown",
       "preview_url":null,
       "album":{ 
          "id":"0S0KGZnfBGSIssfF54WSJh",
          "name":"WHEN WE ALL FALL ASLEEP, WHERE DO WE GO?",
          "image_url":"https://i.scdn.co/image/cd89c09ece48d687d4b6a894e28300064ade5512"
       },
       "artist":{ 
          "id":"6qqNVTkY8uBg9cP3Jd7DAH",
          "name":"Billie Eilish"
       }
    },
    { 
       "id":"7hDVYcQq6MxkdJGweuCtl9",
       "name":"ocean eyes",
       "preview_url":null,
       "album":{ 
          "id":"7fRrTyKvE4Skh93v97gtcU",
          "name":"dont smile at me",
          "image_url":"https://i.scdn.co/image/86432b4f858d4b61415da90cb955e5b703b1d6a7"
       },
       "artist":{ 
          "id":"6qqNVTkY8uBg9cP3Jd7DAH",
          "name":"Billie Eilish"
       }
    },
    { 
       "id":"4QIo4oxwzzafcBWkKjDpXY",
       "name":"xanny",
       "preview_url":null,
       "album":{ 
          "id":"0S0KGZnfBGSIssfF54WSJh",
          "name":"WHEN WE ALL FALL ASLEEP, WHERE DO WE GO?",
          "image_url":"https://i.scdn.co/image/cd89c09ece48d687d4b6a894e28300064ade5512"
       },
       "artist":{ 
          "id":"6qqNVTkY8uBg9cP3Jd7DAH",
          "name":"Billie Eilish"
       }
    },
    { 
       "id":"3Tc57t9l2O8FwQZtQOvPXK",
       "name":"my strange addiction",
       "preview_url":null,
       "album":{ 
          "id":"0S0KGZnfBGSIssfF54WSJh",
          "name":"WHEN WE ALL FALL ASLEEP, WHERE DO WE GO?",
          "image_url":"https://i.scdn.co/image/cd89c09ece48d687d4b6a894e28300064ade5512"
       },
       "artist":{ 
          "id":"6qqNVTkY8uBg9cP3Jd7DAH",
          "name":"Billie Eilish"
       }
    },
    { 
       "id":"0tMSssfxAL2oV8Vri0mFHE",
       "name":"listen before i go",
       "preview_url":null,
       "album":{ 
          "id":"0S0KGZnfBGSIssfF54WSJh",
          "name":"WHEN WE ALL FALL ASLEEP, WHERE DO WE GO?",
          "image_url":"https://i.scdn.co/image/cd89c09ece48d687d4b6a894e28300064ade5512"
       },
       "artist":{ 
          "id":"6qqNVTkY8uBg9cP3Jd7DAH",
          "name":"Billie Eilish"
       }
    },
    { 
       "id":"7qEKqBCD2vE5vIBsrUitpD",
       "name":"ilomilo",
       "preview_url":null,
       "album":{ 
          "id":"0S0KGZnfBGSIssfF54WSJh",
          "name":"WHEN WE ALL FALL ASLEEP, WHERE DO WE GO?",
          "image_url":"https://i.scdn.co/image/cd89c09ece48d687d4b6a894e28300064ade5512"
       },
       "artist":{ 
          "id":"6qqNVTkY8uBg9cP3Jd7DAH",
          "name":"Billie Eilish"
       }
    },
    { 
       "id":"51NFxnQvaosfDDutk0tams",
       "name":"bellyache",
       "preview_url":null,
       "album":{ 
          "id":"25FGyvj0UnD6YYWLq0s9nl",
          "name":"Bellyache",
          "image_url":"https://i.scdn.co/image/6894d97143792f91d216298011d01c34863b29e9"
       },
       "artist":{ 
          "id":"6qqNVTkY8uBg9cP3Jd7DAH",
          "name":"Billie Eilish"
       }
    },
    { 
       "id":"6X29iaaazwho3ab7GNue5r",
       "name":"8",
       "preview_url":null,
       "album":{ 
          "id":"0S0KGZnfBGSIssfF54WSJh",
          "name":"WHEN WE ALL FALL ASLEEP, WHERE DO WE GO?",
          "image_url":"https://i.scdn.co/image/cd89c09ece48d687d4b6a894e28300064ade5512"
       },
       "artist":{ 
          "id":"6qqNVTkY8uBg9cP3Jd7DAH",
          "name":"Billie Eilish"
       }
    },
    { 
       "id":"5t3Vk8bRKylx4fjj7qlbib",
       "name":"bitches broken hearts",
       "preview_url":null,
       "album":{ 
          "id":"1Z0XtKcevvITZ5ydimkYcx",
          "name":"bitches broken hearts",
          "image_url":"https://i.scdn.co/image/d2d1622c253d15d568943be5cc5edb10c3d11571"
       },
       "artist":{ 
          "id":"6qqNVTkY8uBg9cP3Jd7DAH",
          "name":"Billie Eilish"
       }
    },
    { 
       "id":"1RGasjWLZ4qMN7wbtkLa3u",
       "name":"my boy",
       "preview_url":null,
       "album":{ 
          "id":"7fRrTyKvE4Skh93v97gtcU",
          "name":"dont smile at me",
          "image_url":"https://i.scdn.co/image/86432b4f858d4b61415da90cb955e5b703b1d6a7"
       },
       "artist":{ 
          "id":"6qqNVTkY8uBg9cP3Jd7DAH",
          "name":"Billie Eilish"
       }
    },
    { 
       "id":"1WsEgieHsWWndAzLkmV105",
       "name":"hostage",
       "preview_url":null,
       "album":{ 
          "id":"7fRrTyKvE4Skh93v97gtcU",
          "name":"dont smile at me",
          "image_url":"https://i.scdn.co/image/86432b4f858d4b61415da90cb955e5b703b1d6a7"
       },
       "artist":{ 
          "id":"6qqNVTkY8uBg9cP3Jd7DAH",
          "name":"Billie Eilish"
       }
    }
 ]