[ 
    { 
       "id":"24NuEDgyRIljwSyY0lsr7b",
       "name":"Black Swan",
       "preview_url":"https://p.scdn.co/mp3-preview/879c7106422b0b53852209da6a63210be7e09b01?cid=9697a3a271d24deea38f8b7fbfa0e13c",
       "album":{ 
          "id":"4RR8ROIGix5CbCGlXHA53I",
          "name":"Black Swan",
          "image_url":"https://i.scdn.co/image/1aacaefb0ef07755e5a155d96ee7f1073063e428"
       },
       "artist":{ 
          "id":"3Nrfpe0tUJi4K4DXYWgMUX",
          "name":"BTS"
       }
    },
    { 
       "id":"5KawlOMHjWeUjQtnuRs22c",
       "name":"Boy With Luv (feat. Halsey)",
       "preview_url":"https://p.scdn.co/mp3-preview/d16797fb391fb909f3c46454d7cf89a2718f8171?cid=9697a3a271d24deea38f8b7fbfa0e13c",
       "album":{ 
          "id":"1AvXa8xFEXtR3hb4bgihIK",
          "name":"MAP OF THE SOUL : PERSONA",
          "image_url":"https://i.scdn.co/image/ab67616d0000b27329d00196831bec20ebbff5c7"
       },
       "artist":{ 
          "id":"3Nrfpe0tUJi4K4DXYWgMUX",
          "name":"BTS"
       }
    },
    { 
       "id":"1QWxddJmOhQb1vDdyTipMR",
       "name":"BTS Cypher 4",
       "preview_url":"https://p.scdn.co/mp3-preview/e6739259f7b08212e1a0aa2f35b8954e5496d026?cid=9697a3a271d24deea38f8b7fbfa0e13c",
       "album":{ 
          "id":"17FnTn4P3Bkyf6mbNQDhhy",
          "name":"Wings",
          "image_url":"https://i.scdn.co/image/ab67616d0000b273aabacdacfb6eceeb819c6ed6"
       },
       "artist":{ 
          "id":"3Nrfpe0tUJi4K4DXYWgMUX",
          "name":"BTS"
       }
    },
    { 
       "id":"314ZkcV7oLWG8yWE7LABvH",
       "name":"Make It Right (feat. Lauv)",
       "preview_url":"https://p.scdn.co/mp3-preview/fd5b0ad0cbe5fb2bc20db19b89679699f9312715?cid=9697a3a271d24deea38f8b7fbfa0e13c",
       "album":{ 
          "id":"0ZI6Q1QJSYdeEQPvKzX1XR",
          "name":"Make It Right (feat. Lauv)",
          "image_url":"https://i.scdn.co/image/452d746f38a81ec457e5f7acbe5cfc726471201e"
       },
       "artist":{ 
          "id":"3Nrfpe0tUJi4K4DXYWgMUX",
          "name":"BTS"
       }
    },
    { 
       "id":"2NRRrr8ylDK38KD3Ffbw4K",
       "name":"BTSTU (Edit)",
       "preview_url":"https://p.scdn.co/mp3-preview/190542ba6094082be0ce01c5e78ca27440317a54?cid=9697a3a271d24deea38f8b7fbfa0e13c",
       "album":{ 
          "id":"7srgNVx6TtKJrgNKMJusxb",
          "name":"BTSTU",
          "image_url":"https://i.scdn.co/image/ab67616d0000b273a104c0637383a7b155c0c6d9"
       },
       "artist":{ 
          "id":"53wZLCnhshZKDRs3uopFBc",
          "name":"Jai Paul"
       }
    },
    { 
       "id":"3p6hnejEQYXkiTO1lAzVc0",
       "name":"Euphoria",
       "preview_url":"https://p.scdn.co/mp3-preview/4e568b05c1355a8566d95b3e62b59ffbf24e091d?cid=9697a3a271d24deea38f8b7fbfa0e13c",
       "album":{ 
          "id":"2lATw9ZAVp7ILQcOKPCPqp",
          "name":"Love Yourself 結 'Answer'",
          "image_url":"https://i.scdn.co/image/ab67616d0000b2736feb6d9ed7891f40e9a524dd"
       },
       "artist":{ 
          "id":"3Nrfpe0tUJi4K4DXYWgMUX",
          "name":"BTS"
       }
    },
    { 
       "id":"5hnbE5BF2e8BCk9OMR1UVC",
       "name":"Mikrokosmos",
       "preview_url":"https://p.scdn.co/mp3-preview/3f29d0aa131984a690e3cc10629b2faa2303e69c?cid=9697a3a271d24deea38f8b7fbfa0e13c",
       "album":{ 
          "id":"1AvXa8xFEXtR3hb4bgihIK",
          "name":"MAP OF THE SOUL : PERSONA",
          "image_url":"https://i.scdn.co/image/ab67616d0000b27329d00196831bec20ebbff5c7"
       },
       "artist":{ 
          "id":"3Nrfpe0tUJi4K4DXYWgMUX",
          "name":"BTS"
       }
    },
    { 
       "id":"7lthOBXNue2IvedLRfkod8",
       "name":"HOME",
       "preview_url":"https://p.scdn.co/mp3-preview/9fb02e3c757ce10d6dc027ca750a94143e9e3dc2?cid=9697a3a271d24deea38f8b7fbfa0e13c",
       "album":{ 
          "id":"1AvXa8xFEXtR3hb4bgihIK",
          "name":"MAP OF THE SOUL : PERSONA",
          "image_url":"https://i.scdn.co/image/ab67616d0000b27329d00196831bec20ebbff5c7"
       },
       "artist":{ 
          "id":"3Nrfpe0tUJi4K4DXYWgMUX",
          "name":"BTS"
       }
    },
    { 
       "id":"6KUE0HSSudAp9AOycaF6SH",
       "name":"Make It Right",
       "preview_url":"https://p.scdn.co/mp3-preview/27d07e11fef56c0f8cb8a7e77a445e7371971ea5?cid=9697a3a271d24deea38f8b7fbfa0e13c",
       "album":{ 
          "id":"1AvXa8xFEXtR3hb4bgihIK",
          "name":"MAP OF THE SOUL : PERSONA",
          "image_url":"https://i.scdn.co/image/ab67616d0000b27329d00196831bec20ebbff5c7"
       },
       "artist":{ 
          "id":"3Nrfpe0tUJi4K4DXYWgMUX",
          "name":"BTS"
       }
    },
    { 
       "id":"2kyht6yYIHLianPBFxx7Mt",
       "name":"BTS Cypher Pt.3: Killer",
       "preview_url":"https://p.scdn.co/mp3-preview/adf21e5c66475fe4179572949966be55ae60ff6c?cid=9697a3a271d24deea38f8b7fbfa0e13c",
       "album":{ 
          "id":"7FxxU3EP37uMsZf8FilkDR",
          "name":"Dark & Wild",
          "image_url":"https://i.scdn.co/image/ab67616d0000b2738f31818d30fdb7f44fd57713"
       },
       "artist":{ 
          "id":"3Nrfpe0tUJi4K4DXYWgMUX",
          "name":"BTS"
       }
    },
    { 
       "id":"5RGf8qn1TBWVplLyyKUsuV",
       "name":"Blood Sweat & Tears",
       "preview_url":"https://p.scdn.co/mp3-preview/481b97048b27220146e90ef34747722cd270e25a?cid=9697a3a271d24deea38f8b7fbfa0e13c",
       "album":{ 
          "id":"17FnTn4P3Bkyf6mbNQDhhy",
          "name":"Wings",
          "image_url":"https://i.scdn.co/image/ab67616d0000b273aabacdacfb6eceeb819c6ed6"
       },
       "artist":{ 
          "id":"3Nrfpe0tUJi4K4DXYWgMUX",
          "name":"BTS"
       }
    },
    { 
       "id":"6JdS5rJvJaRA7B1tcm7kxZ",
       "name":"Dionysus",
       "preview_url":"https://p.scdn.co/mp3-preview/a862e818956230137be205f8d69aac014361f554?cid=9697a3a271d24deea38f8b7fbfa0e13c",
       "album":{ 
          "id":"1AvXa8xFEXtR3hb4bgihIK",
          "name":"MAP OF THE SOUL : PERSONA",
          "image_url":"https://i.scdn.co/image/ab67616d0000b27329d00196831bec20ebbff5c7"
       },
       "artist":{ 
          "id":"3Nrfpe0tUJi4K4DXYWgMUX",
          "name":"BTS"
       }
    },
    { 
       "id":"2AIWoHr9DF6y4KALCBKWQS",
       "name":"IDOL",
       "preview_url":"https://p.scdn.co/mp3-preview/fc013a8d8851b4b8342ad30b213e84fd68a6e365?cid=9697a3a271d24deea38f8b7fbfa0e13c",
       "album":{ 
          "id":"2lATw9ZAVp7ILQcOKPCPqp",
          "name":"Love Yourself 結 'Answer'",
          "image_url":"https://i.scdn.co/image/ab67616d0000b2736feb6d9ed7891f40e9a524dd"
       },
       "artist":{ 
          "id":"3Nrfpe0tUJi4K4DXYWgMUX",
          "name":"BTS"
       }
    },
    { 
       "id":"0WNGsQ1oAuHzNTk8jivBKW",
       "name":"Spring Day",
       "preview_url":"https://p.scdn.co/mp3-preview/013456e3b8d400c5ec20e58014f7747db16fcdfd?cid=9697a3a271d24deea38f8b7fbfa0e13c",
       "album":{ 
          "id":"7LF4N7lvyDhrPBuCJ1rplJ",
          "name":"You Never Walk Alone",
          "image_url":"https://i.scdn.co/image/ab67616d0000b273bd375b430c3abeceb8b5d8da"
       },
       "artist":{ 
          "id":"3Nrfpe0tUJi4K4DXYWgMUX",
          "name":"BTS"
       }
    },
    { 
       "id":"3aW0ds4A4tSQDIp75FqWTo",
       "name":"FAKE LOVE",
       "preview_url":"https://p.scdn.co/mp3-preview/bc24526c6a5e4d2a63bdbf364705a6012ff2d649?cid=9697a3a271d24deea38f8b7fbfa0e13c",
       "album":{ 
          "id":"2jJfnAZE6IG3oYnUv2eCj4",
          "name":"Love Yourself 轉 'Tear'",
          "image_url":"https://i.scdn.co/image/ab67616d0000b27321108e396b83d171cc5c2692"
       },
       "artist":{ 
          "id":"3Nrfpe0tUJi4K4DXYWgMUX",
          "name":"BTS"
       }
    },
    { 
       "id":"75scDPqGs75FotglJSoOI2",
       "name":"MIC Drop (Steve Aoki Remix) [Full Length Edition]",
       "preview_url":"https://p.scdn.co/mp3-preview/b47d17ded8e53b76ac6aaf36ccaef9c8cd095b66?cid=9697a3a271d24deea38f8b7fbfa0e13c",
       "album":{ 
          "id":"2lATw9ZAVp7ILQcOKPCPqp",
          "name":"Love Yourself 結 'Answer'",
          "image_url":"https://i.scdn.co/image/ab67616d0000b2736feb6d9ed7891f40e9a524dd"
       },
       "artist":{ 
          "id":"3Nrfpe0tUJi4K4DXYWgMUX",
          "name":"BTS"
       }
    },
    { 
       "id":"5cQB9fbuQCz4muQUFkv3rR",
       "name":"Serendipity (Full Length Edition)",
       "preview_url":"https://p.scdn.co/mp3-preview/95e8e219ea5f65efec586c20fcf0cdb32e993b2c?cid=9697a3a271d24deea38f8b7fbfa0e13c",
       "album":{ 
          "id":"2lATw9ZAVp7ILQcOKPCPqp",
          "name":"Love Yourself 結 'Answer'",
          "image_url":"https://i.scdn.co/image/ab67616d0000b2736feb6d9ed7891f40e9a524dd"
       },
       "artist":{ 
          "id":"3Nrfpe0tUJi4K4DXYWgMUX",
          "name":"BTS"
       }
    },
    { 
       "id":"54s6sdPuMjVtdB5d5KFzTC",
       "name":"Save Me",
       "preview_url":"https://p.scdn.co/mp3-preview/b254958d802d201558c7f066bb295e4a527c0e75?cid=9697a3a271d24deea38f8b7fbfa0e13c",
       "album":{ 
          "id":"7qvA0kf1dkmR1As2gOnBPn",
          "name":"The Most Beautiful Moment in Life: Young Forever",
          "image_url":"https://i.scdn.co/image/ab67616d0000b273ad7586bf7c4cccada24a36ce"
       },
       "artist":{ 
          "id":"3Nrfpe0tUJi4K4DXYWgMUX",
          "name":"BTS"
       }
    },
    { 
       "id":"0eeeyCAGnGZInPtpkdYiPa",
       "name":"Jamais Vu",
       "preview_url":"https://p.scdn.co/mp3-preview/698f1a4a1767f3ea64e40b04d9be33d923b8f827?cid=9697a3a271d24deea38f8b7fbfa0e13c",
       "album":{ 
          "id":"1AvXa8xFEXtR3hb4bgihIK",
          "name":"MAP OF THE SOUL : PERSONA",
          "image_url":"https://i.scdn.co/image/ab67616d0000b27329d00196831bec20ebbff5c7"
       },
       "artist":{ 
          "id":"3Nrfpe0tUJi4K4DXYWgMUX",
          "name":"BTS"
       }
    },
    { 
       "id":"0ffweDHrg4bZqdG4IfGYuo",
       "name":"Pied Piper",
       "preview_url":"https://p.scdn.co/mp3-preview/248ad5fb284b85e40d92dbaec9b971a47a086771?cid=9697a3a271d24deea38f8b7fbfa0e13c",
       "album":{ 
          "id":"2FTS6a6DLXMNp8flyA0HGO",
          "name":"Love Yourself 承 'Her'",
          "image_url":"https://i.scdn.co/image/ab67616d0000b273f9a16d4b6cd94eca041f00b8"
       },
       "artist":{ 
          "id":"3Nrfpe0tUJi4K4DXYWgMUX",
          "name":"BTS"
       }
    }
 ]