[ 
    { 
       "id":"00ko9WaS4jOX1kEk3gvHjf",
       "name":"Hot Shower",
       "preview_url":"https://p.scdn.co/mp3-preview/f4941c6a2280ea76234df29709397b7d9e626e4f?cid=9697a3a271d24deea38f8b7fbfa0e13c",
       "album":{ 
          "id":"7bgi7zCoDsZdlLKPonHZqP",
          "name":"The Big Day",
          "image_url":"https://i.scdn.co/image/1ed3811f9e07c9c1075460ee71f58e60b48d9720"
       },
       "artist":{ 
          "id":"1anyVhU62p31KFi8MEzkbf",
          "name":"Chance the Rapper"
       }
    },
    { 
       "id":"0v9Wz8o0BT8DU38R4ddjeH",
       "name":"No Problem (feat. Lil Wayne & 2 Chainz)",
       "preview_url":"https://p.scdn.co/mp3-preview/01adf736fae9dcac5dc1320daf12d8f58a273f4e?cid=9697a3a271d24deea38f8b7fbfa0e13c",
       "album":{ 
          "id":"71QyofYesSsRMwFOTafnhB",
          "name":"Coloring Book",
          "image_url":"https://i.scdn.co/image/ab67616d0000b273e71dd15fc5bdefd5bff70452"
       },
       "artist":{ 
          "id":"1anyVhU62p31KFi8MEzkbf",
          "name":"Chance the Rapper"
       }
    },
    { 
       "id":"0aMHIW1lqrulVCx0LLlr6a",
       "name":"Cocoa Butter Kisses",
       "preview_url":"https://p.scdn.co/mp3-preview/bd18e76c2bf858e96e5cd4e72bc7702dc05b495e?cid=9697a3a271d24deea38f8b7fbfa0e13c",
       "album":{ 
          "id":"2VBcztE58pBKjIDS5oEgFh",
          "name":"Acid Rap",
          "image_url":"https://i.scdn.co/image/ab67616d0000b273d95ab48a8a9de3c4a2cbfe80"
       },
       "artist":{ 
          "id":"1anyVhU62p31KFi8MEzkbf",
          "name":"Chance the Rapper"
       }
    },
    { 
       "id":"0yFvWTLs3iIwDbc91noXGT",
       "name":"GRoCERIES",
       "preview_url":"https://p.scdn.co/mp3-preview/7dfee67e3cdc174f7602a5f1fa079844d5e7fa97?cid=9697a3a271d24deea38f8b7fbfa0e13c",
       "album":{ 
          "id":"4tvWn8rsp56lzyMKV409Og",
          "name":"GRoCERIES",
          "image_url":"https://i.scdn.co/image/ab67616d0000b2738bd67126e96c5c7336e9cc89"
       },
       "artist":{ 
          "id":"1anyVhU62p31KFi8MEzkbf",
          "name":"Chance the Rapper"
       }
    },
    { 
       "id":"3eze1OsZ1rqeXkKStNfTmi",
       "name":"Juke Jam (feat. Justin Bieber & Towkio)",
       "preview_url":"https://p.scdn.co/mp3-preview/c60b5e2b4e87e46243c83c1fa0c3a5f0cb2f890b?cid=9697a3a271d24deea38f8b7fbfa0e13c",
       "album":{ 
          "id":"71QyofYesSsRMwFOTafnhB",
          "name":"Coloring Book",
          "image_url":"https://i.scdn.co/image/ab67616d0000b273e71dd15fc5bdefd5bff70452"
       },
       "artist":{ 
          "id":"1anyVhU62p31KFi8MEzkbf",
          "name":"Chance the Rapper"
       }
    },
    { 
       "id":"0WoAkdHmgPmEXfiBox1flk",
       "name":"GOSPEL (feat. Chance The Rapper, Gucci Mane & YK Osiris)",
       "preview_url":null,
       "album":{ 
          "id":"1NsTSXjVNE7XmZ8PmyW0wl",
          "name":"KIRK",
          "image_url":"https://i.scdn.co/image/75dfef94eef569df9df376633a8b269b12cd9e6d"
       },
       "artist":{ 
          "id":"4r63FhuTkUYltbVAg5TQnk",
          "name":"DaBaby"
       }
    },
    { 
       "id":"1xsP6AITcWNigBYBYVnVZw",
       "name":"Handsome",
       "preview_url":"https://p.scdn.co/mp3-preview/d57b84d7bd7ce53cd1b87bd36d8454927fbeb29a?cid=9697a3a271d24deea38f8b7fbfa0e13c",
       "album":{ 
          "id":"7bgi7zCoDsZdlLKPonHZqP",
          "name":"The Big Day",
          "image_url":"https://i.scdn.co/image/1ed3811f9e07c9c1075460ee71f58e60b48d9720"
       },
       "artist":{ 
          "id":"1anyVhU62p31KFi8MEzkbf",
          "name":"Chance the Rapper"
       }
    },
    { 
       "id":"543bCW2ruMPmxUBWirQ3MR",
       "name":"Cross Me (feat. Chance the Rapper & PnB Rock)",
       "preview_url":"https://p.scdn.co/mp3-preview/d5caccdfe52737ae696dfc02fdea2c7f5599231d?cid=9697a3a271d24deea38f8b7fbfa0e13c",
       "album":{ 
          "id":"5MKInakULmoBNApeB2ZB3A",
          "name":"Cross Me (feat. Chance the Rapper & PnB Rock)",
          "image_url":"https://i.scdn.co/image/ab67616d0000b273f1d4fe9b36aa7be708ea44ea"
       },
       "artist":{ 
          "id":"6eUKZXaKkcviH0Ku9w2n3V",
          "name":"Ed Sheeran"
       }
    },
    { 
       "id":"6m9qPYXmhge2QhBLfFKnVF",
       "name":"Same Drugs",
       "preview_url":"https://p.scdn.co/mp3-preview/116b11ee5bc2e0d2426237949d8cee72a7cbc06d?cid=9697a3a271d24deea38f8b7fbfa0e13c",
       "album":{ 
          "id":"71QyofYesSsRMwFOTafnhB",
          "name":"Coloring Book",
          "image_url":"https://i.scdn.co/image/ab67616d0000b273e71dd15fc5bdefd5bff70452"
       },
       "artist":{ 
          "id":"1anyVhU62p31KFi8MEzkbf",
          "name":"Chance the Rapper"
       }
    },
    { 
       "id":"36xxq7VDZZsGwARsn6Clo7",
       "name":"Living Single",
       "preview_url":null,
       "album":{ 
          "id":"02pV9mCJ2PJNPVWyOFTv37",
          "name":"Living Single",
          "image_url":"https://i.scdn.co/image/3593a3e7b9553dab76bd1bf397a49f8cd1d7dbf4"
       },
       "artist":{ 
          "id":"0c173mlxpT3dSFRgMO8XPh",
          "name":"Big Sean"
       }
    },
    { 
       "id":"5yK37zazHUe3WxEvymZs20",
       "name":"Bad Idea (feat. Chance the Rapper)",
       "preview_url":"https://p.scdn.co/mp3-preview/af96295ed63600e1dbf92b7265f5f93d87a75418?cid=9697a3a271d24deea38f8b7fbfa0e13c",
       "album":{ 
          "id":"6Pb7PMZtW0fuEM1lCGvCDu",
          "name":"The Lost Boy",
          "image_url":"https://i.scdn.co/image/ab67616d0000b273e6d6d392a66a7f9172fe57c8"
       },
       "artist":{ 
          "id":"0huGjMyP507tBCARyzSkrv",
          "name":"YBN Cordae"
       }
    },
    { 
       "id":"1sFstGV1Z3Aw5TDFCiT7vK",
       "name":"Favorite Song",
       "preview_url":"https://p.scdn.co/mp3-preview/e994eb34cd53b94ec5a2542a5032f4c98b387bca?cid=9697a3a271d24deea38f8b7fbfa0e13c",
       "album":{ 
          "id":"2VBcztE58pBKjIDS5oEgFh",
          "name":"Acid Rap",
          "image_url":"https://i.scdn.co/image/ab67616d0000b273d95ab48a8a9de3c4a2cbfe80"
       },
       "artist":{ 
          "id":"1anyVhU62p31KFi8MEzkbf",
          "name":"Chance the Rapper"
       }
    },
    { 
       "id":"60xaS8mYBKUW4VQQ666N0T",
       "name":"All Night (feat. Knox Fortune)",
       "preview_url":"https://p.scdn.co/mp3-preview/f2551c0da9b71a71cfdcf5c59b09d92a7a971893?cid=9697a3a271d24deea38f8b7fbfa0e13c",
       "album":{ 
          "id":"71QyofYesSsRMwFOTafnhB",
          "name":"Coloring Book",
          "image_url":"https://i.scdn.co/image/ab67616d0000b273e71dd15fc5bdefd5bff70452"
       },
       "artist":{ 
          "id":"1anyVhU62p31KFi8MEzkbf",
          "name":"Chance the Rapper"
       }
    },
    { 
       "id":"4wuCQX7JvAZLlrcmH4AeZF",
       "name":"Cross Me (feat. Chance the Rapper & PnB Rock)",
       "preview_url":"https://p.scdn.co/mp3-preview/d5caccdfe52737ae696dfc02fdea2c7f5599231d?cid=9697a3a271d24deea38f8b7fbfa0e13c",
       "album":{ 
          "id":"3oIFxDIo2fwuk4lwCmFZCx",
          "name":"No.6 Collaborations Project",
          "image_url":"https://i.scdn.co/image/ab67616d0000b273a53a148d92ce7afa20229e49"
       },
       "artist":{ 
          "id":"6eUKZXaKkcviH0Ku9w2n3V",
          "name":"Ed Sheeran"
       }
    },
    { 
       "id":"6mzaCRuLTRiz1caGOum3zT",
       "name":"The Way (feat. Chance the Rapper)",
       "preview_url":"https://p.scdn.co/mp3-preview/84b8d918b91002b0ba64a0c28e6aa5fea1fb10e8?cid=9697a3a271d24deea38f8b7fbfa0e13c",
       "album":{ 
          "id":"34JNly8P6uZRKTGnmmLNAt",
          "name":"You Should Be Here",
          "image_url":"https://i.scdn.co/image/ab67616d0000b2736af7b56ae1e3b6a97fa97cc3"
       },
       "artist":{ 
          "id":"0cGUm45nv7Z6M6qdXYQGTX",
          "name":"Kehlani"
       }
    },
    { 
       "id":"67xBtV07CC73eFw7z5oCvU",
       "name":"Do You Remember",
       "preview_url":"https://p.scdn.co/mp3-preview/0a1bc59054213b3e5bb6e9c110ef0a4caf88e632?cid=9697a3a271d24deea38f8b7fbfa0e13c",
       "album":{ 
          "id":"7bgi7zCoDsZdlLKPonHZqP",
          "name":"The Big Day",
          "image_url":"https://i.scdn.co/image/1ed3811f9e07c9c1075460ee71f58e60b48d9720"
       },
       "artist":{ 
          "id":"1anyVhU62p31KFi8MEzkbf",
          "name":"Chance the Rapper"
       }
    },
    { 
       "id":"1g3ErLqysBJ5EIGdYYMWFZ",
       "name":"All Day Long",
       "preview_url":"https://p.scdn.co/mp3-preview/cc9f195a7bb37cabf4fcbde32b6f63a119278135?cid=9697a3a271d24deea38f8b7fbfa0e13c",
       "album":{ 
          "id":"7bgi7zCoDsZdlLKPonHZqP",
          "name":"The Big Day",
          "image_url":"https://i.scdn.co/image/1ed3811f9e07c9c1075460ee71f58e60b48d9720"
       },
       "artist":{ 
          "id":"1anyVhU62p31KFi8MEzkbf",
          "name":"Chance the Rapper"
       }
    },
    { 
       "id":"0QBRshHeQLEThdj2TqxM9n",
       "name":"Slide Around",
       "preview_url":"https://p.scdn.co/mp3-preview/ad98ffda45d99593ee7ffea63b49b1fcb5b2ee0d?cid=9697a3a271d24deea38f8b7fbfa0e13c",
       "album":{ 
          "id":"7bgi7zCoDsZdlLKPonHZqP",
          "name":"The Big Day",
          "image_url":"https://i.scdn.co/image/1ed3811f9e07c9c1075460ee71f58e60b48d9720"
       },
       "artist":{ 
          "id":"1anyVhU62p31KFi8MEzkbf",
          "name":"Chance the Rapper"
       }
    },
    { 
       "id":"3ZLyt2ndLFBh148XRYjYYZ",
       "name":"All We Got (feat. Kanye West & Chicago Children's Choir)",
       "preview_url":"https://p.scdn.co/mp3-preview/c923136e7435cf39491ed17b031043d0bf811fe2?cid=9697a3a271d24deea38f8b7fbfa0e13c",
       "album":{ 
          "id":"71QyofYesSsRMwFOTafnhB",
          "name":"Coloring Book",
          "image_url":"https://i.scdn.co/image/ab67616d0000b273e71dd15fc5bdefd5bff70452"
       },
       "artist":{ 
          "id":"1anyVhU62p31KFi8MEzkbf",
          "name":"Chance the Rapper"
       }
    },
    { 
       "id":"1Uq3IOIy1CUlHUgP6vWpum",
       "name":"Smoke Break (feat. Future)",
       "preview_url":"https://p.scdn.co/mp3-preview/674d4b6cdf0575394a805417ea743c81edae9b9f?cid=9697a3a271d24deea38f8b7fbfa0e13c",
       "album":{ 
          "id":"71QyofYesSsRMwFOTafnhB",
          "name":"Coloring Book",
          "image_url":"https://i.scdn.co/image/ab67616d0000b273e71dd15fc5bdefd5bff70452"
       },
       "artist":{ 
          "id":"1anyVhU62p31KFi8MEzkbf",
          "name":"Chance the Rapper"
       }
    }
 ]