[ 
    { 
       "id":"4pAl7FkDMNBsjykPXo91B3",
       "name":"Needed Me",
       "preview_url":null,
       "album":{ 
          "id":"4UlGauD7ROb3YbVOFMgW5u",
          "name":"ANTI (Deluxe)",
          "image_url":"https://i.scdn.co/image/aecc17a489924b8e919b5f90bb103b00cab4d455"
       },
       "artist":{ 
          "id":"5pKCCKE2ajJHZ9KAiaK11H",
          "name":"Rihanna"
       }
    },
    { 
       "id":"5oO3drDxtziYU2H1X23ZIp",
       "name":"Love On The Brain",
       "preview_url":null,
       "album":{ 
          "id":"4UlGauD7ROb3YbVOFMgW5u",
          "name":"ANTI (Deluxe)",
          "image_url":"https://i.scdn.co/image/aecc17a489924b8e919b5f90bb103b00cab4d455"
       },
       "artist":{ 
          "id":"5pKCCKE2ajJHZ9KAiaK11H",
          "name":"Rihanna"
       }
    },
    { 
       "id":"78TTtXnFQPzwqlbtbwqN0y",
       "name":"FourFiveSeconds",
       "preview_url":null,
       "album":{ 
          "id":"7yBl4uFyJzH48Vy6tPieXL",
          "name":"FourFiveSeconds",
          "image_url":"https://i.scdn.co/image/376ba6cee38d0c47062c6cd4e7c033cd86d5a56e"
       },
       "artist":{ 
          "id":"5pKCCKE2ajJHZ9KAiaK11H",
          "name":"Rihanna"
       }
    },
    { 
       "id":"3goSVuTt3fDYDP6kRnFwuL",
       "name":"Take A Bow",
       "preview_url":null,
       "album":{ 
          "id":"3JSWZWeTHF4HDGt5Eozdy7",
          "name":"Good Girl Gone Bad: Reloaded",
          "image_url":"https://i.scdn.co/image/5800f6f884abbd72d6590e0571a149d6e1068010"
       },
       "artist":{ 
          "id":"5pKCCKE2ajJHZ9KAiaK11H",
          "name":"Rihanna"
       }
    },
    { 
       "id":"49FYlytm3dAAraYgpoJZux",
       "name":"Umbrella",
       "preview_url":null,
       "album":{ 
          "id":"3JSWZWeTHF4HDGt5Eozdy7",
          "name":"Good Girl Gone Bad: Reloaded",
          "image_url":"https://i.scdn.co/image/5800f6f884abbd72d6590e0571a149d6e1068010"
       },
       "artist":{ 
          "id":"5pKCCKE2ajJHZ9KAiaK11H",
          "name":"Rihanna"
       }
    },
    { 
       "id":"72TFWvU3wUYdUuxejTTIzt",
       "name":"Work",
       "preview_url":null,
       "album":{ 
          "id":"4UlGauD7ROb3YbVOFMgW5u",
          "name":"ANTI (Deluxe)",
          "image_url":"https://i.scdn.co/image/aecc17a489924b8e919b5f90bb103b00cab4d455"
       },
       "artist":{ 
          "id":"5pKCCKE2ajJHZ9KAiaK11H",
          "name":"Rihanna"
       }
    },
    { 
       "id":"0NTMtAO2BV4tnGvw9EgBVq",
       "name":"Bitch Better Have My Money",
       "preview_url":null,
       "album":{ 
          "id":"4S8F794ucXJcAtycwOZgR9",
          "name":"Bitch Better Have My Money",
          "image_url":"https://i.scdn.co/image/d47035b4a30e157035ae862ebbb08e91728a57cf"
       },
       "artist":{ 
          "id":"5pKCCKE2ajJHZ9KAiaK11H",
          "name":"Rihanna"
       }
    },
    { 
       "id":"6qn9YLKt13AGvpq9jfO8py",
       "name":"We Found Love",
       "preview_url":null,
       "album":{ 
          "id":"2g1EakEaW7fPTZC6vBmBCn",
          "name":"Talk That Talk",
          "image_url":"https://i.scdn.co/image/0988706eac690e65f0b685ee3f52b11496d5c984"
       },
       "artist":{ 
          "id":"5pKCCKE2ajJHZ9KAiaK11H",
          "name":"Rihanna"
       }
    },
    { 
       "id":"2VOomzT6VavJOGBeySqaMc",
       "name":"Disturbia",
       "preview_url":null,
       "album":{ 
          "id":"3JSWZWeTHF4HDGt5Eozdy7",
          "name":"Good Girl Gone Bad: Reloaded",
          "image_url":"https://i.scdn.co/image/5800f6f884abbd72d6590e0571a149d6e1068010"
       },
       "artist":{ 
          "id":"5pKCCKE2ajJHZ9KAiaK11H",
          "name":"Rihanna"
       }
    },
    { 
       "id":"7BiELrM90hRxpozaIXbsLw",
       "name":"Sex With Me",
       "preview_url":null,
       "album":{ 
          "id":"4UlGauD7ROb3YbVOFMgW5u",
          "name":"ANTI (Deluxe)",
          "image_url":"https://i.scdn.co/image/aecc17a489924b8e919b5f90bb103b00cab4d455"
       },
       "artist":{ 
          "id":"5pKCCKE2ajJHZ9KAiaK11H",
          "name":"Rihanna"
       }
    },
    { 
       "id":"4TsmezEQVSZNNPv5RJ65Ov",
       "name":"Pon de Replay",
       "preview_url":null,
       "album":{ 
          "id":"4FyGpObwABjn0o8Tdp7AZz",
          "name":"Music Of The Sun",
          "image_url":"https://i.scdn.co/image/f0ffffab229825b3a9d4248d791889508d599a02"
       },
       "artist":{ 
          "id":"5pKCCKE2ajJHZ9KAiaK11H",
          "name":"Rihanna"
       }
    },
    { 
       "id":"0ByMNEPAPpOR5H69DVrTNy",
       "name":"Don't Stop The Music",
       "preview_url":null,
       "album":{ 
          "id":"3JSWZWeTHF4HDGt5Eozdy7",
          "name":"Good Girl Gone Bad: Reloaded",
          "image_url":"https://i.scdn.co/image/5800f6f884abbd72d6590e0571a149d6e1068010"
       },
       "artist":{ 
          "id":"5pKCCKE2ajJHZ9KAiaK11H",
          "name":"Rihanna"
       }
    }
 ]