[ 
    { 
       "id":"6RRNNciQGZEXnqk8SQ9yv5",
       "name":"You Need To Calm Down",
       "preview_url":null,
       "album":{ 
          "id":"1NAmidJlEaVgA3MpcPFYGq",
          "name":"Lover",
          "image_url":"https://i.scdn.co/image/e30b81b756002dffe808888a4b67461e15e67681"
       },
       "artist":{ 
          "id":"06HL4z0CvFAxyc27GXpf02",
          "name":"Taylor Swift"
       }
    },
    { 
       "id":"1dGr1c8CrMLDpV6mPbImSI",
       "name":"Lover",
       "preview_url":null,
       "album":{ 
          "id":"1NAmidJlEaVgA3MpcPFYGq",
          "name":"Lover",
          "image_url":"https://i.scdn.co/image/e30b81b756002dffe808888a4b67461e15e67681"
       },
       "artist":{ 
          "id":"06HL4z0CvFAxyc27GXpf02",
          "name":"Taylor Swift"
       }
    },
    { 
       "id":"3i9UVldZOE0aD0JnyfAZZ0",
       "name":"Lover (Remix) [feat. Shawn Mendes]",
       "preview_url":null,
       "album":{ 
          "id":"2UfvnX1YYeC2cExMQTMbXC",
          "name":"Lover (Remix) [feat. Shawn Mendes]",
          "image_url":"https://i.scdn.co/image/4632c80d3cb4569e245fd862d90e3f5b184d3a57"
       },
       "artist":{ 
          "id":"06HL4z0CvFAxyc27GXpf02",
          "name":"Taylor Swift"
       }
    },
    { 
       "id":"2Rk4JlNc2TPmZe2af99d45",
       "name":"ME! (feat. Brendon Urie of Panic! At The Disco)",
       "preview_url":null,
       "album":{ 
          "id":"1NAmidJlEaVgA3MpcPFYGq",
          "name":"Lover",
          "image_url":"https://i.scdn.co/image/e30b81b756002dffe808888a4b67461e15e67681"
       },
       "artist":{ 
          "id":"06HL4z0CvFAxyc27GXpf02",
          "name":"Taylor Swift"
       }
    },
    { 
       "id":"43rA71bccXFGD4C8GOpIlN",
       "name":"I Forgot That You Existed",
       "preview_url":null,
       "album":{ 
          "id":"1NAmidJlEaVgA3MpcPFYGq",
          "name":"Lover",
          "image_url":"https://i.scdn.co/image/e30b81b756002dffe808888a4b67461e15e67681"
       },
       "artist":{ 
          "id":"06HL4z0CvFAxyc27GXpf02",
          "name":"Taylor Swift"
       }
    },
    { 
       "id":"3RauEVgRgj1IuWdJ9fDs70",
       "name":"The Man",
       "preview_url":null,
       "album":{ 
          "id":"1NAmidJlEaVgA3MpcPFYGq",
          "name":"Lover",
          "image_url":"https://i.scdn.co/image/e30b81b756002dffe808888a4b67461e15e67681"
       },
       "artist":{ 
          "id":"06HL4z0CvFAxyc27GXpf02",
          "name":"Taylor Swift"
       }
    },
    { 
       "id":"1BxfuPKGuaTgP7aM0Bbdwr",
       "name":"Cruel Summer",
       "preview_url":null,
       "album":{ 
          "id":"1NAmidJlEaVgA3MpcPFYGq",
          "name":"Lover",
          "image_url":"https://i.scdn.co/image/e30b81b756002dffe808888a4b67461e15e67681"
       },
       "artist":{ 
          "id":"06HL4z0CvFAxyc27GXpf02",
          "name":"Taylor Swift"
       }
    },
    { 
       "id":"6NFyWDv5CjfwuzoCkw47Xf",
       "name":"Delicate",
       "preview_url":null,
       "album":{ 
          "id":"6DEjYFkNZh67HP7R9PSZvv",
          "name":"reputation",
          "image_url":"https://i.scdn.co/image/c1d13ca191838eb78d0f609d4805a400650cc4f8"
       },
       "artist":{ 
          "id":"06HL4z0CvFAxyc27GXpf02",
          "name":"Taylor Swift"
       }
    },
    { 
       "id":"2mvabkN1i2gLnGAPUVdwek",
       "name":"Christmas Tree Farm",
       "preview_url":null,
       "album":{ 
          "id":"5JnnrTE35MQagEnEkFthiF",
          "name":"Christmas Tree Farm",
          "image_url":"https://i.scdn.co/image/b28e0dbd7eb87cac2fcc262c2b59b2c321369062"
       },
       "artist":{ 
          "id":"06HL4z0CvFAxyc27GXpf02",
          "name":"Taylor Swift"
       }
    },
    { 
       "id":"4y5bvROuBDPr5fuwXbIBZR",
       "name":"Paper Rings",
       "preview_url":null,
       "album":{ 
          "id":"1NAmidJlEaVgA3MpcPFYGq",
          "name":"Lover",
          "image_url":"https://i.scdn.co/image/e30b81b756002dffe808888a4b67461e15e67681"
       },
       "artist":{ 
          "id":"06HL4z0CvFAxyc27GXpf02",
          "name":"Taylor Swift"
       }
    },
    { 
       "id":"3pHkh7d0lzM2AldUtz2x37",
       "name":"The Archer",
       "preview_url":null,
       "album":{ 
          "id":"1NAmidJlEaVgA3MpcPFYGq",
          "name":"Lover",
          "image_url":"https://i.scdn.co/image/e30b81b756002dffe808888a4b67461e15e67681"
       },
       "artist":{ 
          "id":"06HL4z0CvFAxyc27GXpf02",
          "name":"Taylor Swift"
       }
    },
    { 
       "id":"2YWtcWi3a83pdEg3Gif4Pd",
       "name":"I Think He Knows",
       "preview_url":null,
       "album":{ 
          "id":"1NAmidJlEaVgA3MpcPFYGq",
          "name":"Lover",
          "image_url":"https://i.scdn.co/image/e30b81b756002dffe808888a4b67461e15e67681"
       },
       "artist":{ 
          "id":"06HL4z0CvFAxyc27GXpf02",
          "name":"Taylor Swift"
       }
    },
    { 
       "id":"1LLXZFeAHK9R4xUramtUKw",
       "name":"London Boy",
       "preview_url":null,
       "album":{ 
          "id":"1NAmidJlEaVgA3MpcPFYGq",
          "name":"Lover",
          "image_url":"https://i.scdn.co/image/e30b81b756002dffe808888a4b67461e15e67681"
       },
       "artist":{ 
          "id":"06HL4z0CvFAxyc27GXpf02",
          "name":"Taylor Swift"
       }
    },
    { 
       "id":"1SymEzIT3H8UZfibCs3TYi",
       "name":"Afterglow",
       "preview_url":null,
       "album":{ 
          "id":"1NAmidJlEaVgA3MpcPFYGq",
          "name":"Lover",
          "image_url":"https://i.scdn.co/image/e30b81b756002dffe808888a4b67461e15e67681"
       },
       "artist":{ 
          "id":"06HL4z0CvFAxyc27GXpf02",
          "name":"Taylor Swift"
       }
    },
    { 
       "id":"214nt20w5wOxJnY462klLw",
       "name":"Miss Americana & The Heartbreak Prince",
       "preview_url":null,
       "album":{ 
          "id":"1NAmidJlEaVgA3MpcPFYGq",
          "name":"Lover",
          "image_url":"https://i.scdn.co/image/e30b81b756002dffe808888a4b67461e15e67681"
       },
       "artist":{ 
          "id":"06HL4z0CvFAxyc27GXpf02",
          "name":"Taylor Swift"
       }
    },
    { 
       "id":"12M5uqx0ZuwkpLp5rJim1a",
       "name":"Cornelia Street",
       "preview_url":null,
       "album":{ 
          "id":"1NAmidJlEaVgA3MpcPFYGq",
          "name":"Lover",
          "image_url":"https://i.scdn.co/image/e30b81b756002dffe808888a4b67461e15e67681"
       },
       "artist":{ 
          "id":"06HL4z0CvFAxyc27GXpf02",
          "name":"Taylor Swift"
       }
    },
    { 
       "id":"2dgFqt3w9xIQRjhPtwNk3D",
       "name":"Death By A Thousand Cuts",
       "preview_url":null,
       "album":{ 
          "id":"1NAmidJlEaVgA3MpcPFYGq",
          "name":"Lover",
          "image_url":"https://i.scdn.co/image/e30b81b756002dffe808888a4b67461e15e67681"
       },
       "artist":{ 
          "id":"06HL4z0CvFAxyc27GXpf02",
          "name":"Taylor Swift"
       }
    },
    { 
       "id":"5hQSXkFgbxjZo9uCwd11so",
       "name":"False God",
       "preview_url":null,
       "album":{ 
          "id":"1NAmidJlEaVgA3MpcPFYGq",
          "name":"Lover",
          "image_url":"https://i.scdn.co/image/e30b81b756002dffe808888a4b67461e15e67681"
       },
       "artist":{ 
          "id":"06HL4z0CvFAxyc27GXpf02",
          "name":"Taylor Swift"
       }
    },
    { 
       "id":"1JbR9RDP3ogVNEWFgNXAjh",
       "name":"Look What You Made Me Do",
       "preview_url":null,
       "album":{ 
          "id":"1Hrs3jLGexOvBoaPMoOQYJ",
          "name":"reputation (Big Machine Radio Release Special)",
          "image_url":"https://i.scdn.co/image/94f8ee50852cb9e316909cbb07f6368114aa05bf"
       },
       "artist":{ 
          "id":"06HL4z0CvFAxyc27GXpf02",
          "name":"Taylor Swift"
       }
    },
    { 
       "id":"1fzAuUVbzlhZ1lJAx9PtY6",
       "name":"Daylight",
       "preview_url":null,
       "album":{ 
          "id":"1NAmidJlEaVgA3MpcPFYGq",
          "name":"Lover",
          "image_url":"https://i.scdn.co/image/e30b81b756002dffe808888a4b67461e15e67681"
       },
       "artist":{ 
          "id":"06HL4z0CvFAxyc27GXpf02",
          "name":"Taylor Swift"
       }
    }
 ]